--
-- PostgreSQL database dump
--

-- Dumped from database version 17.4 (Debian 17.4-1.pgdg120+2)
-- Dumped by pg_dump version 17.4 (Debian 17.4-1.pgdg120+2)

SET statement_timeout = 0;
SET lock_timeout = 0;
SET idle_in_transaction_session_timeout = 0;
SET transaction_timeout = 0;
SET client_encoding = 'UTF8';
SET standard_conforming_strings = on;
SELECT pg_catalog.set_config('search_path', '', false);
SET check_function_bodies = false;
SET xmloption = content;
SET client_min_messages = warning;
SET row_security = off;

SET default_tablespace = '';

SET default_table_access_method = heap;

--
-- Name: account_emailaddress; Type: TABLE; Schema: public; Owner: postgres
--

CREATE TABLE public.account_emailaddress (
    id integer NOT NULL,
    email character varying(254) NOT NULL,
    verified boolean NOT NULL,
    "primary" boolean NOT NULL,
    user_id bigint NOT NULL
);


ALTER TABLE public.account_emailaddress OWNER TO postgres;

--
-- Name: account_emailaddress_id_seq; Type: SEQUENCE; Schema: public; Owner: postgres
--

ALTER TABLE public.account_emailaddress ALTER COLUMN id ADD GENERATED BY DEFAULT AS IDENTITY (
    SEQUENCE NAME public.account_emailaddress_id_seq
    START WITH 1
    INCREMENT BY 1
    NO MINVALUE
    NO MAXVALUE
    CACHE 1
);


--
-- Name: account_emailconfirmation; Type: TABLE; Schema: public; Owner: postgres
--

CREATE TABLE public.account_emailconfirmation (
    id integer NOT NULL,
    created timestamp with time zone NOT NULL,
    sent timestamp with time zone,
    key character varying(64) NOT NULL,
    email_address_id integer NOT NULL
);


ALTER TABLE public.account_emailconfirmation OWNER TO postgres;

--
-- Name: account_emailconfirmation_id_seq; Type: SEQUENCE; Schema: public; Owner: postgres
--

ALTER TABLE public.account_emailconfirmation ALTER COLUMN id ADD GENERATED BY DEFAULT AS IDENTITY (
    SEQUENCE NAME public.account_emailconfirmation_id_seq
    START WITH 1
    INCREMENT BY 1
    NO MINVALUE
    NO MAXVALUE
    CACHE 1
);


--
-- Name: accounts_customuser; Type: TABLE; Schema: public; Owner: postgres
--

CREATE TABLE public.accounts_customuser (
    id bigint NOT NULL,
    password character varying(128) NOT NULL,
    is_superuser boolean NOT NULL,
    is_staff boolean NOT NULL,
    date_joined timestamp with time zone NOT NULL,
    username character varying(100) NOT NULL,
    fullname character varying(100) NOT NULL,
    email character varying(100),
    phone character varying(20) NOT NULL,
    role character varying(10) NOT NULL,
    is_active boolean NOT NULL,
    last_login timestamp with time zone,
    created_at timestamp with time zone,
    updated_at timestamp with time zone,
    business_id bigint,
    business_branch_id bigint
);


ALTER TABLE public.accounts_customuser OWNER TO postgres;

--
-- Name: accounts_customuser_groups; Type: TABLE; Schema: public; Owner: postgres
--

CREATE TABLE public.accounts_customuser_groups (
    id bigint NOT NULL,
    customuser_id bigint NOT NULL,
    group_id integer NOT NULL
);


ALTER TABLE public.accounts_customuser_groups OWNER TO postgres;

--
-- Name: accounts_customuser_groups_id_seq; Type: SEQUENCE; Schema: public; Owner: postgres
--

ALTER TABLE public.accounts_customuser_groups ALTER COLUMN id ADD GENERATED BY DEFAULT AS IDENTITY (
    SEQUENCE NAME public.accounts_customuser_groups_id_seq
    START WITH 1
    INCREMENT BY 1
    NO MINVALUE
    NO MAXVALUE
    CACHE 1
);


--
-- Name: accounts_customuser_id_seq; Type: SEQUENCE; Schema: public; Owner: postgres
--

ALTER TABLE public.accounts_customuser ALTER COLUMN id ADD GENERATED BY DEFAULT AS IDENTITY (
    SEQUENCE NAME public.accounts_customuser_id_seq
    START WITH 1
    INCREMENT BY 1
    NO MINVALUE
    NO MAXVALUE
    CACHE 1
);


--
-- Name: accounts_customuser_user_permissions; Type: TABLE; Schema: public; Owner: postgres
--

CREATE TABLE public.accounts_customuser_user_permissions (
    id bigint NOT NULL,
    customuser_id bigint NOT NULL,
    permission_id integer NOT NULL
);


ALTER TABLE public.accounts_customuser_user_permissions OWNER TO postgres;

--
-- Name: accounts_customuser_user_permissions_id_seq; Type: SEQUENCE; Schema: public; Owner: postgres
--

ALTER TABLE public.accounts_customuser_user_permissions ALTER COLUMN id ADD GENERATED BY DEFAULT AS IDENTITY (
    SEQUENCE NAME public.accounts_customuser_user_permissions_id_seq
    START WITH 1
    INCREMENT BY 1
    NO MINVALUE
    NO MAXVALUE
    CACHE 1
);


--
-- Name: auth_group; Type: TABLE; Schema: public; Owner: postgres
--

CREATE TABLE public.auth_group (
    id integer NOT NULL,
    name character varying(150) NOT NULL
);


ALTER TABLE public.auth_group OWNER TO postgres;

--
-- Name: auth_group_id_seq; Type: SEQUENCE; Schema: public; Owner: postgres
--

ALTER TABLE public.auth_group ALTER COLUMN id ADD GENERATED BY DEFAULT AS IDENTITY (
    SEQUENCE NAME public.auth_group_id_seq
    START WITH 1
    INCREMENT BY 1
    NO MINVALUE
    NO MAXVALUE
    CACHE 1
);


--
-- Name: auth_group_permissions; Type: TABLE; Schema: public; Owner: postgres
--

CREATE TABLE public.auth_group_permissions (
    id bigint NOT NULL,
    group_id integer NOT NULL,
    permission_id integer NOT NULL
);


ALTER TABLE public.auth_group_permissions OWNER TO postgres;

--
-- Name: auth_group_permissions_id_seq; Type: SEQUENCE; Schema: public; Owner: postgres
--

ALTER TABLE public.auth_group_permissions ALTER COLUMN id ADD GENERATED BY DEFAULT AS IDENTITY (
    SEQUENCE NAME public.auth_group_permissions_id_seq
    START WITH 1
    INCREMENT BY 1
    NO MINVALUE
    NO MAXVALUE
    CACHE 1
);


--
-- Name: auth_permission; Type: TABLE; Schema: public; Owner: postgres
--

CREATE TABLE public.auth_permission (
    id integer NOT NULL,
    name character varying(255) NOT NULL,
    content_type_id integer NOT NULL,
    codename character varying(100) NOT NULL
);


ALTER TABLE public.auth_permission OWNER TO postgres;

--
-- Name: auth_permission_id_seq; Type: SEQUENCE; Schema: public; Owner: postgres
--

ALTER TABLE public.auth_permission ALTER COLUMN id ADD GENERATED BY DEFAULT AS IDENTITY (
    SEQUENCE NAME public.auth_permission_id_seq
    START WITH 1
    INCREMENT BY 1
    NO MINVALUE
    NO MAXVALUE
    CACHE 1
);


--
-- Name: authtoken_token; Type: TABLE; Schema: public; Owner: postgres
--

CREATE TABLE public.authtoken_token (
    key character varying(40) NOT NULL,
    created timestamp with time zone NOT NULL,
    user_id bigint NOT NULL
);


ALTER TABLE public.authtoken_token OWNER TO postgres;

--
-- Name: branches_branches; Type: TABLE; Schema: public; Owner: postgres
--

CREATE TABLE public.branches_branches (
    id bigint NOT NULL,
    name character varying(100) NOT NULL,
    address text NOT NULL,
    contact_number character varying(20) NOT NULL,
    is_active boolean NOT NULL,
    created_at timestamp with time zone NOT NULL,
    updated_at timestamp with time zone NOT NULL,
    business_id bigint NOT NULL
);


ALTER TABLE public.branches_branches OWNER TO postgres;

--
-- Name: branches_branches_id_seq; Type: SEQUENCE; Schema: public; Owner: postgres
--

ALTER TABLE public.branches_branches ALTER COLUMN id ADD GENERATED BY DEFAULT AS IDENTITY (
    SEQUENCE NAME public.branches_branches_id_seq
    START WITH 1
    INCREMENT BY 1
    NO MINVALUE
    NO MAXVALUE
    CACHE 1
);


--
-- Name: business_business; Type: TABLE; Schema: public; Owner: postgres
--

CREATE TABLE public.business_business (
    id bigint NOT NULL,
    name character varying(100) NOT NULL,
    address_street text NOT NULL,
    address_city text NOT NULL,
    address_country text NOT NULL,
    contact_number character varying(15) NOT NULL,
    registration_number character varying(100),
    is_active boolean NOT NULL,
    created_at timestamp with time zone NOT NULL,
    updated_at timestamp with time zone NOT NULL,
    admin_id bigint,
    owner_id bigint
);


ALTER TABLE public.business_business OWNER TO postgres;

--
-- Name: business_business_id_seq; Type: SEQUENCE; Schema: public; Owner: postgres
--

ALTER TABLE public.business_business ALTER COLUMN id ADD GENERATED BY DEFAULT AS IDENTITY (
    SEQUENCE NAME public.business_business_id_seq
    START WITH 1
    INCREMENT BY 1
    NO MINVALUE
    NO MAXVALUE
    CACHE 1
);


--
-- Name: categories_categories; Type: TABLE; Schema: public; Owner: postgres
--

CREATE TABLE public.categories_categories (
    id bigint NOT NULL,
    name character varying(100) NOT NULL,
    description text NOT NULL,
    is_active boolean NOT NULL,
    created_at timestamp with time zone NOT NULL,
    updated_at timestamp with time zone NOT NULL,
    business_id bigint
);


ALTER TABLE public.categories_categories OWNER TO postgres;

--
-- Name: categories_categories_id_seq; Type: SEQUENCE; Schema: public; Owner: postgres
--

ALTER TABLE public.categories_categories ALTER COLUMN id ADD GENERATED BY DEFAULT AS IDENTITY (
    SEQUENCE NAME public.categories_categories_id_seq
    START WITH 1
    INCREMENT BY 1
    NO MINVALUE
    NO MAXVALUE
    CACHE 1
);


--
-- Name: django_admin_log; Type: TABLE; Schema: public; Owner: postgres
--

CREATE TABLE public.django_admin_log (
    id integer NOT NULL,
    action_time timestamp with time zone NOT NULL,
    object_id text,
    object_repr character varying(200) NOT NULL,
    action_flag smallint NOT NULL,
    change_message text NOT NULL,
    content_type_id integer,
    user_id bigint NOT NULL,
    CONSTRAINT django_admin_log_action_flag_check CHECK ((action_flag >= 0))
);


ALTER TABLE public.django_admin_log OWNER TO postgres;

--
-- Name: django_admin_log_id_seq; Type: SEQUENCE; Schema: public; Owner: postgres
--

ALTER TABLE public.django_admin_log ALTER COLUMN id ADD GENERATED BY DEFAULT AS IDENTITY (
    SEQUENCE NAME public.django_admin_log_id_seq
    START WITH 1
    INCREMENT BY 1
    NO MINVALUE
    NO MAXVALUE
    CACHE 1
);


--
-- Name: django_content_type; Type: TABLE; Schema: public; Owner: postgres
--

CREATE TABLE public.django_content_type (
    id integer NOT NULL,
    app_label character varying(100) NOT NULL,
    model character varying(100) NOT NULL
);


ALTER TABLE public.django_content_type OWNER TO postgres;

--
-- Name: django_content_type_id_seq; Type: SEQUENCE; Schema: public; Owner: postgres
--

ALTER TABLE public.django_content_type ALTER COLUMN id ADD GENERATED BY DEFAULT AS IDENTITY (
    SEQUENCE NAME public.django_content_type_id_seq
    START WITH 1
    INCREMENT BY 1
    NO MINVALUE
    NO MAXVALUE
    CACHE 1
);


--
-- Name: django_migrations; Type: TABLE; Schema: public; Owner: postgres
--

CREATE TABLE public.django_migrations (
    id bigint NOT NULL,
    app character varying(255) NOT NULL,
    name character varying(255) NOT NULL,
    applied timestamp with time zone NOT NULL
);


ALTER TABLE public.django_migrations OWNER TO postgres;

--
-- Name: django_migrations_id_seq; Type: SEQUENCE; Schema: public; Owner: postgres
--

ALTER TABLE public.django_migrations ALTER COLUMN id ADD GENERATED BY DEFAULT AS IDENTITY (
    SEQUENCE NAME public.django_migrations_id_seq
    START WITH 1
    INCREMENT BY 1
    NO MINVALUE
    NO MAXVALUE
    CACHE 1
);


--
-- Name: django_session; Type: TABLE; Schema: public; Owner: postgres
--

CREATE TABLE public.django_session (
    session_key character varying(40) NOT NULL,
    session_data text NOT NULL,
    expire_date timestamp with time zone NOT NULL
);


ALTER TABLE public.django_session OWNER TO postgres;

--
-- Name: django_site; Type: TABLE; Schema: public; Owner: postgres
--

CREATE TABLE public.django_site (
    id integer NOT NULL,
    domain character varying(100) NOT NULL,
    name character varying(50) NOT NULL
);


ALTER TABLE public.django_site OWNER TO postgres;

--
-- Name: django_site_id_seq; Type: SEQUENCE; Schema: public; Owner: postgres
--

ALTER TABLE public.django_site ALTER COLUMN id ADD GENERATED BY DEFAULT AS IDENTITY (
    SEQUENCE NAME public.django_site_id_seq
    START WITH 1
    INCREMENT BY 1
    NO MINVALUE
    NO MAXVALUE
    CACHE 1
);


--
-- Name: expenses_expenses; Type: TABLE; Schema: public; Owner: postgres
--

CREATE TABLE public.expenses_expenses (
    id bigint NOT NULL,
    amount numeric(10,2) NOT NULL,
    description text,
    expense_date date NOT NULL,
    payment_method character varying(20) NOT NULL,
    receipt_number character varying(50),
    recurring_frequency character varying(20),
    recurring_end_date date,
    created_at timestamp with time zone NOT NULL,
    updated_at timestamp with time zone NOT NULL,
    business_id bigint NOT NULL,
    business_branch_id bigint,
    created_by_id bigint NOT NULL,
    name character varying(100) NOT NULL,
    is_active boolean NOT NULL
);


ALTER TABLE public.expenses_expenses OWNER TO postgres;

--
-- Name: expenses_expenses_id_seq; Type: SEQUENCE; Schema: public; Owner: postgres
--

ALTER TABLE public.expenses_expenses ALTER COLUMN id ADD GENERATED BY DEFAULT AS IDENTITY (
    SEQUENCE NAME public.expenses_expenses_id_seq
    START WITH 1
    INCREMENT BY 1
    NO MINVALUE
    NO MAXVALUE
    CACHE 1
);


--
-- Name: features_features; Type: TABLE; Schema: public; Owner: postgres
--

CREATE TABLE public.features_features (
    id bigint NOT NULL,
    title_en character varying(255) NOT NULL,
    title_am character varying(255) NOT NULL,
    included boolean NOT NULL,
    created_at timestamp with time zone NOT NULL,
    updated_at timestamp with time zone NOT NULL,
    plan_id_id bigint NOT NULL
);


ALTER TABLE public.features_features OWNER TO postgres;

--
-- Name: features_features_id_seq; Type: SEQUENCE; Schema: public; Owner: postgres
--

ALTER TABLE public.features_features ALTER COLUMN id ADD GENERATED BY DEFAULT AS IDENTITY (
    SEQUENCE NAME public.features_features_id_seq
    START WITH 1
    INCREMENT BY 1
    NO MINVALUE
    NO MAXVALUE
    CACHE 1
);


--
-- Name: items_items; Type: TABLE; Schema: public; Owner: postgres
--

CREATE TABLE public.items_items (
    id bigint NOT NULL,
    name character varying(100) NOT NULL,
    price numeric(10,2) NOT NULL,
    quantity integer NOT NULL,
    last_inventory_update timestamp with time zone,
    is_active boolean NOT NULL,
    created_at timestamp with time zone NOT NULL,
    updated timestamp with time zone NOT NULL,
    category_id bigint NOT NULL,
    unit_of_measure character varying(10),
    business_branch_id bigint,
    business_id bigint
);


ALTER TABLE public.items_items OWNER TO postgres;

--
-- Name: items_items_id_seq; Type: SEQUENCE; Schema: public; Owner: postgres
--

ALTER TABLE public.items_items ALTER COLUMN id ADD GENERATED BY DEFAULT AS IDENTITY (
    SEQUENCE NAME public.items_items_id_seq
    START WITH 1
    INCREMENT BY 1
    NO MINVALUE
    NO MAXVALUE
    CACHE 1
);


--
-- Name: orders_order_items; Type: TABLE; Schema: public; Owner: postgres
--

CREATE TABLE public.orders_order_items (
    id bigint NOT NULL,
    quantity integer NOT NULL,
    unit_price numeric(10,2) NOT NULL,
    subtotal numeric(10,2) NOT NULL,
    created_at timestamp with time zone NOT NULL,
    updated_at timestamp with time zone NOT NULL,
    category_id bigint NOT NULL,
    item_id bigint NOT NULL,
    order_id_id bigint NOT NULL
);


ALTER TABLE public.orders_order_items OWNER TO postgres;

--
-- Name: orders_order_items_id_seq; Type: SEQUENCE; Schema: public; Owner: postgres
--

ALTER TABLE public.orders_order_items ALTER COLUMN id ADD GENERATED BY DEFAULT AS IDENTITY (
    SEQUENCE NAME public.orders_order_items_id_seq
    START WITH 1
    INCREMENT BY 1
    NO MINVALUE
    NO MAXVALUE
    CACHE 1
);


--
-- Name: orders_orders; Type: TABLE; Schema: public; Owner: postgres
--

CREATE TABLE public.orders_orders (
    id bigint NOT NULL,
    order_number character varying(30) NOT NULL,
    customer_name character varying(100) NOT NULL,
    customer_phone character varying(20) NOT NULL,
    customer_email character varying(100),
    order_date timestamp with time zone NOT NULL,
    status character varying(10) NOT NULL,
    total_amount numeric(10,2) NOT NULL,
    payment_status character varying(10) NOT NULL,
    payment_method character varying(20) NOT NULL,
    paid_amount numeric(10,2) NOT NULL,
    remaining_amount numeric(10,2) NOT NULL,
    created_at timestamp with time zone NOT NULL,
    updated_at timestamp with time zone NOT NULL,
    business_id bigint NOT NULL,
    business_branch_id bigint NOT NULL,
    user_id bigint NOT NULL
);


ALTER TABLE public.orders_orders OWNER TO postgres;

--
-- Name: orders_orders_id_seq; Type: SEQUENCE; Schema: public; Owner: postgres
--

ALTER TABLE public.orders_orders ALTER COLUMN id ADD GENERATED BY DEFAULT AS IDENTITY (
    SEQUENCE NAME public.orders_orders_id_seq
    START WITH 1
    INCREMENT BY 1
    NO MINVALUE
    NO MAXVALUE
    CACHE 1
);


--
-- Name: plans_plans; Type: TABLE; Schema: public; Owner: postgres
--

CREATE TABLE public.plans_plans (
    id bigint NOT NULL,
    name_en character varying(100) NOT NULL,
    name_am character varying(100) NOT NULL,
    monthly_price numeric(10,2) NOT NULL,
    yearly_price numeric(10,2) NOT NULL,
    duration integer NOT NULL,
    description_en text NOT NULL,
    description_am text NOT NULL,
    is_active boolean NOT NULL,
    is_hidden boolean NOT NULL,
    created_at timestamp with time zone NOT NULL,
    updated_at timestamp with time zone NOT NULL
);


ALTER TABLE public.plans_plans OWNER TO postgres;

--
-- Name: plans_plans_id_seq; Type: SEQUENCE; Schema: public; Owner: postgres
--

ALTER TABLE public.plans_plans ALTER COLUMN id ADD GENERATED BY DEFAULT AS IDENTITY (
    SEQUENCE NAME public.plans_plans_id_seq
    START WITH 1
    INCREMENT BY 1
    NO MINVALUE
    NO MAXVALUE
    CACHE 1
);


--
-- Name: socialaccount_socialaccount; Type: TABLE; Schema: public; Owner: postgres
--

CREATE TABLE public.socialaccount_socialaccount (
    id integer NOT NULL,
    provider character varying(200) NOT NULL,
    uid character varying(191) NOT NULL,
    last_login timestamp with time zone NOT NULL,
    date_joined timestamp with time zone NOT NULL,
    extra_data jsonb NOT NULL,
    user_id bigint NOT NULL
);


ALTER TABLE public.socialaccount_socialaccount OWNER TO postgres;

--
-- Name: socialaccount_socialaccount_id_seq; Type: SEQUENCE; Schema: public; Owner: postgres
--

ALTER TABLE public.socialaccount_socialaccount ALTER COLUMN id ADD GENERATED BY DEFAULT AS IDENTITY (
    SEQUENCE NAME public.socialaccount_socialaccount_id_seq
    START WITH 1
    INCREMENT BY 1
    NO MINVALUE
    NO MAXVALUE
    CACHE 1
);


--
-- Name: socialaccount_socialapp; Type: TABLE; Schema: public; Owner: postgres
--

CREATE TABLE public.socialaccount_socialapp (
    id integer NOT NULL,
    provider character varying(30) NOT NULL,
    name character varying(40) NOT NULL,
    client_id character varying(191) NOT NULL,
    secret character varying(191) NOT NULL,
    key character varying(191) NOT NULL,
    provider_id character varying(200) NOT NULL,
    settings jsonb NOT NULL
);


ALTER TABLE public.socialaccount_socialapp OWNER TO postgres;

--
-- Name: socialaccount_socialapp_id_seq; Type: SEQUENCE; Schema: public; Owner: postgres
--

ALTER TABLE public.socialaccount_socialapp ALTER COLUMN id ADD GENERATED BY DEFAULT AS IDENTITY (
    SEQUENCE NAME public.socialaccount_socialapp_id_seq
    START WITH 1
    INCREMENT BY 1
    NO MINVALUE
    NO MAXVALUE
    CACHE 1
);


--
-- Name: socialaccount_socialapp_sites; Type: TABLE; Schema: public; Owner: postgres
--

CREATE TABLE public.socialaccount_socialapp_sites (
    id bigint NOT NULL,
    socialapp_id integer NOT NULL,
    site_id integer NOT NULL
);


ALTER TABLE public.socialaccount_socialapp_sites OWNER TO postgres;

--
-- Name: socialaccount_socialapp_sites_id_seq; Type: SEQUENCE; Schema: public; Owner: postgres
--

ALTER TABLE public.socialaccount_socialapp_sites ALTER COLUMN id ADD GENERATED BY DEFAULT AS IDENTITY (
    SEQUENCE NAME public.socialaccount_socialapp_sites_id_seq
    START WITH 1
    INCREMENT BY 1
    NO MINVALUE
    NO MAXVALUE
    CACHE 1
);


--
-- Name: socialaccount_socialtoken; Type: TABLE; Schema: public; Owner: postgres
--

CREATE TABLE public.socialaccount_socialtoken (
    id integer NOT NULL,
    token text NOT NULL,
    token_secret text NOT NULL,
    expires_at timestamp with time zone,
    account_id integer NOT NULL,
    app_id integer
);


ALTER TABLE public.socialaccount_socialtoken OWNER TO postgres;

--
-- Name: socialaccount_socialtoken_id_seq; Type: SEQUENCE; Schema: public; Owner: postgres
--

ALTER TABLE public.socialaccount_socialtoken ALTER COLUMN id ADD GENERATED BY DEFAULT AS IDENTITY (
    SEQUENCE NAME public.socialaccount_socialtoken_id_seq
    START WITH 1
    INCREMENT BY 1
    NO MINVALUE
    NO MAXVALUE
    CACHE 1
);


--
-- Name: subscriptions_subscriptions; Type: TABLE; Schema: public; Owner: postgres
--

CREATE TABLE public.subscriptions_subscriptions (
    id bigint NOT NULL,
    start_date date NOT NULL,
    end_date date NOT NULL,
    payment_status character varying(10) NOT NULL,
    subscription_status character varying(10) NOT NULL,
    last_payment_date timestamp with time zone,
    next_billing_date timestamp with time zone,
    retry_count integer NOT NULL,
    last_retry_date timestamp with time zone,
    is_trial boolean NOT NULL,
    created_at timestamp with time zone NOT NULL,
    updated_at timestamp with time zone NOT NULL,
    business_id bigint NOT NULL,
    plan_id bigint NOT NULL
);


ALTER TABLE public.subscriptions_subscriptions OWNER TO postgres;

--
-- Name: subscriptions_subscriptions_id_seq; Type: SEQUENCE; Schema: public; Owner: postgres
--

ALTER TABLE public.subscriptions_subscriptions ALTER COLUMN id ADD GENERATED BY DEFAULT AS IDENTITY (
    SEQUENCE NAME public.subscriptions_subscriptions_id_seq
    START WITH 1
    INCREMENT BY 1
    NO MINVALUE
    NO MAXVALUE
    CACHE 1
);


--
-- Data for Name: account_emailaddress; Type: TABLE DATA; Schema: public; Owner: postgres
--

COPY public.account_emailaddress (id, email, verified, "primary", user_id) FROM stdin;
1	abebe@gmail.com	f	t	2
2	chrisalemayhu@gmail.com	f	t	3
3	chris22@gmail.com	f	t	4
\.


--
-- Data for Name: account_emailconfirmation; Type: TABLE DATA; Schema: public; Owner: postgres
--

COPY public.account_emailconfirmation (id, created, sent, key, email_address_id) FROM stdin;
\.


--
-- Data for Name: accounts_customuser; Type: TABLE DATA; Schema: public; Owner: postgres
--

COPY public.accounts_customuser (id, password, is_superuser, is_staff, date_joined, username, fullname, email, phone, role, is_active, last_login, created_at, updated_at, business_id, business_branch_id) FROM stdin;
1	pbkdf2_sha256$870000$SYTltVpXPRfI07gE7LLu39$5dzULVSdFg2KhVs0cD0I8bVbbDAjDx7dXgWn5/YJG4I=	t	t	2025-02-25 15:17:59.973825+00	abebe.beso		abebebeso@gmail.com		manager	t	2025-02-25 15:18:19.742269+00	2025-02-25 15:18:00.661977+00	2025-02-25 15:18:00.661984+00	\N	\N
2	pbkdf2_sha256$870000$DB1DW9o5yabY7uAbRbqO0F$Te6gCTJjtxAEZKX4V8wMEw8uM8wL7ebPe3o1XS2RERg=	f	f	2025-02-28 12:48:53.775002+00	abebe.kebede	Abebe Kebede	abebe@gmail.com	+251945465454	manager	t	2025-02-28 12:49:16.769945+00	2025-02-28 12:48:54.440919+00	2025-02-28 12:49:16.769956+00	1	\N
3	pbkdf2_sha256$870000$KxUxBjSylgLwvif5SZTlp0$WZ0mXhgGE+PBl6bQxOCASzsjxyA1NJ3fj/aFzPhVOqU=	f	f	2025-02-28 12:56:36.514984+00	chris.alemayhu	Chris Alemayhu	chrisalemayhu@gmail.com	+251954234324	manager	t	2025-02-28 12:57:05.554165+00	2025-02-28 12:56:37.185925+00	2025-02-28 12:57:05.554177+00	2	\N
4	pbkdf2_sha256$870000$1jnngAUJFRN7z7iqGfdhqU$xzCQ7kkOIJjIwaEk6QDA0ruo2hF06TdAH79ssIO8N/k=	f	f	2025-02-28 12:58:44.931521+00	chris.tilahun	Chris Tilahun	chris22@gmail.com	+251975456465	manager	t	2025-02-28 12:59:10.878716+00	2025-02-28 12:58:45.668208+00	2025-02-28 12:59:10.878728+00	3	\N
5	pbkdf2_sha256$870000$n4vMtOLdVY05uHxcKmnKuR$MQGOxntNwP7KHJjrdSecw61udGeiiAroAgeVY6mYnYo=	t	t	2025-03-01 13:26:22.118783+00	keneanalemayhu22		keneanalemayhu22@gmail.com		manager	t	2025-03-01 13:26:22.778818+00	2025-03-01 13:26:22.778833+00	2025-03-01 13:26:22.77884+00	\N	\N
\.


--
-- Data for Name: accounts_customuser_groups; Type: TABLE DATA; Schema: public; Owner: postgres
--

COPY public.accounts_customuser_groups (id, customuser_id, group_id) FROM stdin;
\.


--
-- Data for Name: accounts_customuser_user_permissions; Type: TABLE DATA; Schema: public; Owner: postgres
--

COPY public.accounts_customuser_user_permissions (id, customuser_id, permission_id) FROM stdin;
\.


--
-- Data for Name: auth_group; Type: TABLE DATA; Schema: public; Owner: postgres
--

COPY public.auth_group (id, name) FROM stdin;
\.


--
-- Data for Name: auth_group_permissions; Type: TABLE DATA; Schema: public; Owner: postgres
--

COPY public.auth_group_permissions (id, group_id, permission_id) FROM stdin;
\.


--
-- Data for Name: auth_permission; Type: TABLE DATA; Schema: public; Owner: postgres
--

COPY public.auth_permission (id, name, content_type_id, codename) FROM stdin;
1	Can add custom user	1	add_customuser
2	Can change custom user	1	change_customuser
3	Can delete custom user	1	delete_customuser
4	Can view custom user	1	view_customuser
5	Can add business	2	add_business
6	Can change business	2	change_business
7	Can delete business	2	delete_business
8	Can view business	2	view_business
9	Can add plans	3	add_plans
10	Can change plans	3	change_plans
11	Can delete plans	3	delete_plans
12	Can view plans	3	view_plans
13	Can add features	4	add_features
14	Can change features	4	change_features
15	Can delete features	4	delete_features
16	Can view features	4	view_features
17	Can add branches	5	add_branches
18	Can change branches	5	change_branches
19	Can delete branches	5	delete_branches
20	Can view branches	5	view_branches
21	Can add expenses	6	add_expenses
22	Can change expenses	6	change_expenses
23	Can delete expenses	6	delete_expenses
24	Can view expenses	6	view_expenses
25	Can add categories	7	add_categories
26	Can change categories	7	change_categories
27	Can delete categories	7	delete_categories
28	Can view categories	7	view_categories
29	Can add items	8	add_items
30	Can change items	8	change_items
31	Can delete items	8	delete_items
32	Can view items	8	view_items
33	Can add orders	9	add_orders
34	Can change orders	9	change_orders
35	Can delete orders	9	delete_orders
36	Can view orders	9	view_orders
37	Can add order_items	10	add_order_items
38	Can change order_items	10	change_order_items
39	Can delete order_items	10	delete_order_items
40	Can view order_items	10	view_order_items
41	Can add Token	11	add_token
42	Can change Token	11	change_token
43	Can delete Token	11	delete_token
44	Can view Token	11	view_token
45	Can add Token	12	add_tokenproxy
46	Can change Token	12	change_tokenproxy
47	Can delete Token	12	delete_tokenproxy
48	Can view Token	12	view_tokenproxy
49	Can add site	13	add_site
50	Can change site	13	change_site
51	Can delete site	13	delete_site
52	Can view site	13	view_site
53	Can add email address	14	add_emailaddress
54	Can change email address	14	change_emailaddress
55	Can delete email address	14	delete_emailaddress
56	Can view email address	14	view_emailaddress
57	Can add email confirmation	15	add_emailconfirmation
58	Can change email confirmation	15	change_emailconfirmation
59	Can delete email confirmation	15	delete_emailconfirmation
60	Can view email confirmation	15	view_emailconfirmation
61	Can add social account	16	add_socialaccount
62	Can change social account	16	change_socialaccount
63	Can delete social account	16	delete_socialaccount
64	Can view social account	16	view_socialaccount
65	Can add social application	17	add_socialapp
66	Can change social application	17	change_socialapp
67	Can delete social application	17	delete_socialapp
68	Can view social application	17	view_socialapp
69	Can add social application token	18	add_socialtoken
70	Can change social application token	18	change_socialtoken
71	Can delete social application token	18	delete_socialtoken
72	Can view social application token	18	view_socialtoken
73	Can add log entry	19	add_logentry
74	Can change log entry	19	change_logentry
75	Can delete log entry	19	delete_logentry
76	Can view log entry	19	view_logentry
77	Can add permission	20	add_permission
78	Can change permission	20	change_permission
79	Can delete permission	20	delete_permission
80	Can view permission	20	view_permission
81	Can add group	21	add_group
82	Can change group	21	change_group
83	Can delete group	21	delete_group
84	Can view group	21	view_group
85	Can add content type	22	add_contenttype
86	Can change content type	22	change_contenttype
87	Can delete content type	22	delete_contenttype
88	Can view content type	22	view_contenttype
89	Can add session	23	add_session
90	Can change session	23	change_session
91	Can delete session	23	delete_session
92	Can view session	23	view_session
93	Can add Subscription	24	add_subscriptions
94	Can change Subscription	24	change_subscriptions
95	Can delete Subscription	24	delete_subscriptions
96	Can view Subscription	24	view_subscriptions
\.


--
-- Data for Name: authtoken_token; Type: TABLE DATA; Schema: public; Owner: postgres
--

COPY public.authtoken_token (key, created, user_id) FROM stdin;
db33c11e370708f3ea6286a2609d1b6b832e42dd	2025-02-28 12:48:54.455842+00	2
8876d311e11e2057ecc9c89dacd515740d823cb1	2025-02-28 12:56:37.200951+00	3
1b437dfb3ef8081e8445535281a81fbf3cb755c2	2025-02-28 12:58:45.683572+00	4
\.


--
-- Data for Name: branches_branches; Type: TABLE DATA; Schema: public; Owner: postgres
--

COPY public.branches_branches (id, name, address, contact_number, is_active, created_at, updated_at, business_id) FROM stdin;
\.


--
-- Data for Name: business_business; Type: TABLE DATA; Schema: public; Owner: postgres
--

COPY public.business_business (id, name, address_street, address_city, address_country, contact_number, registration_number, is_active, created_at, updated_at, admin_id, owner_id) FROM stdin;
1	Abera Holdings	Bole	Addis Ababa	Ethiopia	+251945456423	BMS1740746948410	t	2025-02-28 12:49:16.765801+00	2025-02-28 12:49:16.765823+00	\N	2
2	Chris Holdings	Bole, Yeka	Addis Ababa	Ethiopia	+251987564543	BMS1740747417452	t	2025-02-28 12:57:05.551184+00	2025-02-28 12:57:05.551208+00	\N	3
3	Chris Holdings	Bole	Addis Ababa	Ethiopia	+251987564541	BMS1740747542769	t	2025-02-28 12:59:10.875818+00	2025-02-28 12:59:10.875851+00	\N	4
\.


--
-- Data for Name: categories_categories; Type: TABLE DATA; Schema: public; Owner: postgres
--

COPY public.categories_categories (id, name, description, is_active, created_at, updated_at, business_id) FROM stdin;
\.


--
-- Data for Name: django_admin_log; Type: TABLE DATA; Schema: public; Owner: postgres
--

COPY public.django_admin_log (id, action_time, object_id, object_repr, action_flag, change_message, content_type_id, user_id) FROM stdin;
\.


--
-- Data for Name: django_content_type; Type: TABLE DATA; Schema: public; Owner: postgres
--

COPY public.django_content_type (id, app_label, model) FROM stdin;
1	accounts	customuser
2	business	business
3	plans	plans
4	features	features
5	branches	branches
6	expenses	expenses
7	categories	categories
8	items	items
9	orders	orders
10	orders	order_items
11	authtoken	token
12	authtoken	tokenproxy
13	sites	site
14	account	emailaddress
15	account	emailconfirmation
16	socialaccount	socialaccount
17	socialaccount	socialapp
18	socialaccount	socialtoken
19	admin	logentry
20	auth	permission
21	auth	group
22	contenttypes	contenttype
23	sessions	session
24	subscriptions	subscriptions
\.


--
-- Data for Name: django_migrations; Type: TABLE DATA; Schema: public; Owner: postgres
--

COPY public.django_migrations (id, app, name, applied) FROM stdin;
1	accounts	0001_initial	2025-02-25 15:10:24.880712+00
2	account	0001_initial	2025-02-25 15:10:24.906389+00
3	account	0002_email_max_length	2025-02-25 15:10:24.915507+00
4	account	0003_alter_emailaddress_create_unique_verified_email	2025-02-25 15:10:24.930258+00
5	account	0004_alter_emailaddress_drop_unique_email	2025-02-25 15:10:24.95119+00
6	account	0005_emailaddress_idx_upper_email	2025-02-25 15:10:24.961482+00
7	account	0006_emailaddress_lower	2025-02-25 15:10:24.971947+00
8	account	0007_emailaddress_idx_email	2025-02-25 15:10:24.987403+00
9	account	0008_emailaddress_unique_primary_email_fixup	2025-02-25 15:10:24.999308+00
10	account	0009_emailaddress_unique_primary_email	2025-02-25 15:10:25.008241+00
11	business	0001_initial	2025-02-25 15:10:25.031462+00
12	branches	0001_initial	2025-02-25 15:10:25.05244+00
13	contenttypes	0001_initial	2025-02-25 15:10:25.061294+00
14	contenttypes	0002_remove_content_type_name	2025-02-25 15:10:25.077568+00
15	auth	0001_initial	2025-02-25 15:10:25.12608+00
16	auth	0002_alter_permission_name_max_length	2025-02-25 15:10:25.133315+00
17	auth	0003_alter_user_email_max_length	2025-02-25 15:10:25.14067+00
18	auth	0004_alter_user_username_opts	2025-02-25 15:10:25.149138+00
19	auth	0005_alter_user_last_login_null	2025-02-25 15:10:25.157466+00
20	auth	0006_require_contenttypes_0002	2025-02-25 15:10:25.160027+00
21	auth	0007_alter_validators_add_error_messages	2025-02-25 15:10:25.169538+00
22	auth	0008_alter_user_username_max_length	2025-02-25 15:10:25.178667+00
23	auth	0009_alter_user_last_name_max_length	2025-02-25 15:10:25.191103+00
24	auth	0010_alter_group_name_max_length	2025-02-25 15:10:25.19967+00
25	auth	0011_update_proxy_permissions	2025-02-25 15:10:25.217585+00
26	auth	0012_alter_user_first_name_max_length	2025-02-25 15:10:25.229996+00
27	accounts	0002_initial	2025-02-25 15:10:25.382935+00
28	accounts	0003_rename_first_name_customuser_fullname_and_more	2025-02-25 15:10:25.400877+00
29	accounts	0004_auto_20250224_1821	2025-02-25 15:10:25.416469+00
30	admin	0001_initial	2025-02-25 15:10:25.455487+00
31	admin	0002_logentry_remove_auto_add	2025-02-25 15:10:25.485048+00
32	admin	0003_logentry_add_action_flag_choices	2025-02-25 15:10:25.50009+00
33	authtoken	0001_initial	2025-02-25 15:10:25.529511+00
34	authtoken	0002_auto_20160226_1747	2025-02-25 15:10:25.592252+00
35	authtoken	0003_tokenproxy	2025-02-25 15:10:25.595815+00
36	authtoken	0004_alter_tokenproxy_options	2025-02-25 15:10:25.603268+00
37	business	0002_alter_business_registration_number	2025-02-25 15:10:25.620535+00
38	categories	0001_initial	2025-02-25 15:10:25.651314+00
39	categories	0002_remove_categories_idx_category_business_branch_and_more	2025-02-25 15:10:25.729586+00
40	categories	0003_remove_categories_idx_category_business_branch_and_more	2025-02-25 15:10:25.770841+00
41	expenses	0001_initial	2025-02-25 15:10:25.81207+00
42	plans	0001_initial	2025-02-25 15:10:25.821815+00
43	features	0001_initial	2025-02-25 15:10:25.839566+00
44	items	0001_initial	2025-02-25 15:10:25.853669+00
45	items	0002_items_unit_of_measure	2025-02-25 15:10:25.878487+00
46	items	0003_items_business_branch	2025-02-25 15:10:25.911735+00
47	orders	0001_initial	2025-02-25 15:10:26.078046+00
48	sessions	0001_initial	2025-02-25 15:10:26.086613+00
49	sites	0001_initial	2025-02-25 15:10:26.091805+00
50	sites	0002_alter_domain_unique	2025-02-25 15:10:26.098984+00
51	socialaccount	0001_initial	2025-02-25 15:10:26.260437+00
52	socialaccount	0002_token_max_lengths	2025-02-25 15:10:26.305835+00
53	socialaccount	0003_extra_data_default_dict	2025-02-25 15:10:26.332326+00
54	socialaccount	0004_app_provider_id_settings	2025-02-25 15:10:26.371046+00
55	socialaccount	0005_socialtoken_nullable_app	2025-02-25 15:10:26.414933+00
56	socialaccount	0006_alter_socialaccount_extra_data	2025-02-25 15:10:26.446451+00
57	business	0003_alter_business_options_alter_business_address_city_and_more	2025-02-28 12:38:49.28079+00
58	categories	0004_categories_business_categories_idx_category_business	2025-02-28 12:38:49.333454+00
59	expenses	0002_add_name_is_active_update_frequency	2025-02-28 12:38:49.40414+00
60	items	0004_items_business	2025-02-28 12:38:49.439222+00
61	subscriptions	0001_initial	2025-02-28 12:38:49.487889+00
62	subscriptions	0002_alter_subscriptions_subscription_status	2025-02-28 12:38:49.513719+00
63	accounts	0005_update_email_field	2025-03-01 09:54:32.369524+00
64	accounts	0005_merge_20250301_0000	2025-03-01 09:54:32.398783+00
65	accounts	0006_merge_20250228_2133	2025-03-01 09:54:32.401211+00
\.


--
-- Data for Name: django_session; Type: TABLE DATA; Schema: public; Owner: postgres
--

COPY public.django_session (session_key, session_data, expire_date) FROM stdin;
whjv9r8mdynp57cmq942cr7pcqqar2ze	.eJxVjEEOwiAQRe_C2pAZKBRcuvcMzcAMUjVtUtqV8e7apAvd_vfef6mBtrUOW5NlGFmdFarT75YoP2TaAd9pus06z9O6jEnvij5o09eZ5Xk53L-DSq1-axHDkCFFUxwnin0J2JVsxWGIjiNYlGKIrPOQk88IoWAHvbcRTWBQ7w_15TeX:1tmwhP:4_-YHCw8ASUgEVfS518lgFsEysB2l9-yFCSFgzfWrPk	2025-03-11 15:18:19.745424+00
uivpqjew09l9gceeqq2n2co4czo3hf9w	.eJxVjDsOwyAQBe9CHSF-sY3L9D4DWtglJiEg2SZNlLsnlty4fTPzPgxCqK1s7k1LionQ0QtSZmNpOV-Yg7bNrq20uIRsZIqdNg_hSWUH-IByrzzUsi3J813hB135VJHy7XBPBzOs87-GQStpOx-HXgpB1pAXsbNGowSvtDVAgjCILhISSAzmilYZKzT13veafX82aUOQ:1tnznS:o8v7vSUKz4d52b3h7lFnN5RY34n4rGDJc9702UzdeK0	2025-03-14 12:48:54.501968+00
7090nho88h4hia602b82c67lsonu8v4z	.eJxVjDsOwyAQBe-ydYSM-cUu0-cMaIElJiEg2SZNlLvHlty4nZn3voDe11ZW-6E5xUTB0htThrG0nC9gsa2TbQvNNgUYQcCJOfQvKrsITyyPynwt65wc2xN22IXda6B8O9rTwYTLtK294WK4RgzKCK6FkoMTJhhCipw0Usel4sohSuei1h0nsSE99J10PQmE3x8wQELy:1tnzuv:9JzQxuVTXflZpswHyhSdV-lYWbdLQvepg3Co7XrGOj4	2025-03-14 12:56:37.212571+00
lxja314y4kof3eb1wr6tt2uyzwu57hyo	.eJxVjEEOwiAQRe_C2hBosUCX7j0DmRlGiyIkbXFjvLs26abb_977HwFEtZU1vHlOt8Qx8AtSFmNpOZ9EgLZOoS08hxTFKIw4bAj05LKB-IByr5JqWeeEclPkThd5rZHzZXcPBxMs079WoF1vCVWvwWpg7zzGHklH8v7Mzqph8Nx5Gz0DGmfQEjN2hgdQGkh8fzwoQ80:1tnzwz:iipLsUwx1883f45npU69NHxZY1Vwwavf7wN7alANaok	2025-03-14 12:58:45.696752+00
\.


--
-- Data for Name: django_site; Type: TABLE DATA; Schema: public; Owner: postgres
--

COPY public.django_site (id, domain, name) FROM stdin;
1	example.com	example.com
\.


--
-- Data for Name: expenses_expenses; Type: TABLE DATA; Schema: public; Owner: postgres
--

COPY public.expenses_expenses (id, amount, description, expense_date, payment_method, receipt_number, recurring_frequency, recurring_end_date, created_at, updated_at, business_id, business_branch_id, created_by_id, name, is_active) FROM stdin;
\.


--
-- Data for Name: features_features; Type: TABLE DATA; Schema: public; Owner: postgres
--

COPY public.features_features (id, title_en, title_am, included, created_at, updated_at, plan_id_id) FROM stdin;
\.


--
-- Data for Name: items_items; Type: TABLE DATA; Schema: public; Owner: postgres
--

COPY public.items_items (id, name, price, quantity, last_inventory_update, is_active, created_at, updated, category_id, unit_of_measure, business_branch_id, business_id) FROM stdin;
\.


--
-- Data for Name: orders_order_items; Type: TABLE DATA; Schema: public; Owner: postgres
--

COPY public.orders_order_items (id, quantity, unit_price, subtotal, created_at, updated_at, category_id, item_id, order_id_id) FROM stdin;
\.


--
-- Data for Name: orders_orders; Type: TABLE DATA; Schema: public; Owner: postgres
--

COPY public.orders_orders (id, order_number, customer_name, customer_phone, customer_email, order_date, status, total_amount, payment_status, payment_method, paid_amount, remaining_amount, created_at, updated_at, business_id, business_branch_id, user_id) FROM stdin;
\.


--
-- Data for Name: plans_plans; Type: TABLE DATA; Schema: public; Owner: postgres
--

COPY public.plans_plans (id, name_en, name_am, monthly_price, yearly_price, duration, description_en, description_am, is_active, is_hidden, created_at, updated_at) FROM stdin;
\.


--
-- Data for Name: socialaccount_socialaccount; Type: TABLE DATA; Schema: public; Owner: postgres
--

COPY public.socialaccount_socialaccount (id, provider, uid, last_login, date_joined, extra_data, user_id) FROM stdin;
\.


--
-- Data for Name: socialaccount_socialapp; Type: TABLE DATA; Schema: public; Owner: postgres
--

COPY public.socialaccount_socialapp (id, provider, name, client_id, secret, key, provider_id, settings) FROM stdin;
\.


--
-- Data for Name: socialaccount_socialapp_sites; Type: TABLE DATA; Schema: public; Owner: postgres
--

COPY public.socialaccount_socialapp_sites (id, socialapp_id, site_id) FROM stdin;
\.


--
-- Data for Name: socialaccount_socialtoken; Type: TABLE DATA; Schema: public; Owner: postgres
--

COPY public.socialaccount_socialtoken (id, token, token_secret, expires_at, account_id, app_id) FROM stdin;
\.


--
-- Data for Name: subscriptions_subscriptions; Type: TABLE DATA; Schema: public; Owner: postgres
--

COPY public.subscriptions_subscriptions (id, start_date, end_date, payment_status, subscription_status, last_payment_date, next_billing_date, retry_count, last_retry_date, is_trial, created_at, updated_at, business_id, plan_id) FROM stdin;
\.


--
-- Name: account_emailaddress_id_seq; Type: SEQUENCE SET; Schema: public; Owner: postgres
--

SELECT pg_catalog.setval('public.account_emailaddress_id_seq', 3, true);


--
-- Name: account_emailconfirmation_id_seq; Type: SEQUENCE SET; Schema: public; Owner: postgres
--

SELECT pg_catalog.setval('public.account_emailconfirmation_id_seq', 1, false);


--
-- Name: accounts_customuser_groups_id_seq; Type: SEQUENCE SET; Schema: public; Owner: postgres
--

SELECT pg_catalog.setval('public.accounts_customuser_groups_id_seq', 1, false);


--
-- Name: accounts_customuser_id_seq; Type: SEQUENCE SET; Schema: public; Owner: postgres
--

SELECT pg_catalog.setval('public.accounts_customuser_id_seq', 5, true);


--
-- Name: accounts_customuser_user_permissions_id_seq; Type: SEQUENCE SET; Schema: public; Owner: postgres
--

SELECT pg_catalog.setval('public.accounts_customuser_user_permissions_id_seq', 1, false);


--
-- Name: auth_group_id_seq; Type: SEQUENCE SET; Schema: public; Owner: postgres
--

SELECT pg_catalog.setval('public.auth_group_id_seq', 1, false);


--
-- Name: auth_group_permissions_id_seq; Type: SEQUENCE SET; Schema: public; Owner: postgres
--

SELECT pg_catalog.setval('public.auth_group_permissions_id_seq', 1, false);


--
-- Name: auth_permission_id_seq; Type: SEQUENCE SET; Schema: public; Owner: postgres
--

SELECT pg_catalog.setval('public.auth_permission_id_seq', 96, true);


--
-- Name: branches_branches_id_seq; Type: SEQUENCE SET; Schema: public; Owner: postgres
--

SELECT pg_catalog.setval('public.branches_branches_id_seq', 1, false);


--
-- Name: business_business_id_seq; Type: SEQUENCE SET; Schema: public; Owner: postgres
--

SELECT pg_catalog.setval('public.business_business_id_seq', 3, true);


--
-- Name: categories_categories_id_seq; Type: SEQUENCE SET; Schema: public; Owner: postgres
--

SELECT pg_catalog.setval('public.categories_categories_id_seq', 1, false);


--
-- Name: django_admin_log_id_seq; Type: SEQUENCE SET; Schema: public; Owner: postgres
--

SELECT pg_catalog.setval('public.django_admin_log_id_seq', 1, false);


--
-- Name: django_content_type_id_seq; Type: SEQUENCE SET; Schema: public; Owner: postgres
--

SELECT pg_catalog.setval('public.django_content_type_id_seq', 24, true);


--
-- Name: django_migrations_id_seq; Type: SEQUENCE SET; Schema: public; Owner: postgres
--

SELECT pg_catalog.setval('public.django_migrations_id_seq', 65, true);


--
-- Name: django_site_id_seq; Type: SEQUENCE SET; Schema: public; Owner: postgres
--

SELECT pg_catalog.setval('public.django_site_id_seq', 1, true);


--
-- Name: expenses_expenses_id_seq; Type: SEQUENCE SET; Schema: public; Owner: postgres
--

SELECT pg_catalog.setval('public.expenses_expenses_id_seq', 1, false);


--
-- Name: features_features_id_seq; Type: SEQUENCE SET; Schema: public; Owner: postgres
--

SELECT pg_catalog.setval('public.features_features_id_seq', 1, false);


--
-- Name: items_items_id_seq; Type: SEQUENCE SET; Schema: public; Owner: postgres
--

SELECT pg_catalog.setval('public.items_items_id_seq', 1, false);


--
-- Name: orders_order_items_id_seq; Type: SEQUENCE SET; Schema: public; Owner: postgres
--

SELECT pg_catalog.setval('public.orders_order_items_id_seq', 1, false);


--
-- Name: orders_orders_id_seq; Type: SEQUENCE SET; Schema: public; Owner: postgres
--

SELECT pg_catalog.setval('public.orders_orders_id_seq', 1, false);


--
-- Name: plans_plans_id_seq; Type: SEQUENCE SET; Schema: public; Owner: postgres
--

SELECT pg_catalog.setval('public.plans_plans_id_seq', 1, false);


--
-- Name: socialaccount_socialaccount_id_seq; Type: SEQUENCE SET; Schema: public; Owner: postgres
--

SELECT pg_catalog.setval('public.socialaccount_socialaccount_id_seq', 1, false);


--
-- Name: socialaccount_socialapp_id_seq; Type: SEQUENCE SET; Schema: public; Owner: postgres
--

SELECT pg_catalog.setval('public.socialaccount_socialapp_id_seq', 1, false);


--
-- Name: socialaccount_socialapp_sites_id_seq; Type: SEQUENCE SET; Schema: public; Owner: postgres
--

SELECT pg_catalog.setval('public.socialaccount_socialapp_sites_id_seq', 1, false);


--
-- Name: socialaccount_socialtoken_id_seq; Type: SEQUENCE SET; Schema: public; Owner: postgres
--

SELECT pg_catalog.setval('public.socialaccount_socialtoken_id_seq', 1, false);


--
-- Name: subscriptions_subscriptions_id_seq; Type: SEQUENCE SET; Schema: public; Owner: postgres
--

SELECT pg_catalog.setval('public.subscriptions_subscriptions_id_seq', 1, false);


--
-- Name: account_emailaddress account_emailaddress_pkey; Type: CONSTRAINT; Schema: public; Owner: postgres
--

ALTER TABLE ONLY public.account_emailaddress
    ADD CONSTRAINT account_emailaddress_pkey PRIMARY KEY (id);


--
-- Name: account_emailaddress account_emailaddress_user_id_email_987c8728_uniq; Type: CONSTRAINT; Schema: public; Owner: postgres
--

ALTER TABLE ONLY public.account_emailaddress
    ADD CONSTRAINT account_emailaddress_user_id_email_987c8728_uniq UNIQUE (user_id, email);


--
-- Name: account_emailconfirmation account_emailconfirmation_key_key; Type: CONSTRAINT; Schema: public; Owner: postgres
--

ALTER TABLE ONLY public.account_emailconfirmation
    ADD CONSTRAINT account_emailconfirmation_key_key UNIQUE (key);


--
-- Name: account_emailconfirmation account_emailconfirmation_pkey; Type: CONSTRAINT; Schema: public; Owner: postgres
--

ALTER TABLE ONLY public.account_emailconfirmation
    ADD CONSTRAINT account_emailconfirmation_pkey PRIMARY KEY (id);


--
-- Name: accounts_customuser accounts_customuser_email_key; Type: CONSTRAINT; Schema: public; Owner: postgres
--

ALTER TABLE ONLY public.accounts_customuser
    ADD CONSTRAINT accounts_customuser_email_key UNIQUE (email);


--
-- Name: accounts_customuser_groups accounts_customuser_groups_customuser_id_group_id_c074bdcb_uniq; Type: CONSTRAINT; Schema: public; Owner: postgres
--

ALTER TABLE ONLY public.accounts_customuser_groups
    ADD CONSTRAINT accounts_customuser_groups_customuser_id_group_id_c074bdcb_uniq UNIQUE (customuser_id, group_id);


--
-- Name: accounts_customuser_groups accounts_customuser_groups_pkey; Type: CONSTRAINT; Schema: public; Owner: postgres
--

ALTER TABLE ONLY public.accounts_customuser_groups
    ADD CONSTRAINT accounts_customuser_groups_pkey PRIMARY KEY (id);


--
-- Name: accounts_customuser accounts_customuser_pkey; Type: CONSTRAINT; Schema: public; Owner: postgres
--

ALTER TABLE ONLY public.accounts_customuser
    ADD CONSTRAINT accounts_customuser_pkey PRIMARY KEY (id);


--
-- Name: accounts_customuser_user_permissions accounts_customuser_user_customuser_id_permission_9632a709_uniq; Type: CONSTRAINT; Schema: public; Owner: postgres
--

ALTER TABLE ONLY public.accounts_customuser_user_permissions
    ADD CONSTRAINT accounts_customuser_user_customuser_id_permission_9632a709_uniq UNIQUE (customuser_id, permission_id);


--
-- Name: accounts_customuser_user_permissions accounts_customuser_user_permissions_pkey; Type: CONSTRAINT; Schema: public; Owner: postgres
--

ALTER TABLE ONLY public.accounts_customuser_user_permissions
    ADD CONSTRAINT accounts_customuser_user_permissions_pkey PRIMARY KEY (id);


--
-- Name: accounts_customuser accounts_customuser_username_key; Type: CONSTRAINT; Schema: public; Owner: postgres
--

ALTER TABLE ONLY public.accounts_customuser
    ADD CONSTRAINT accounts_customuser_username_key UNIQUE (username);


--
-- Name: auth_group auth_group_name_key; Type: CONSTRAINT; Schema: public; Owner: postgres
--

ALTER TABLE ONLY public.auth_group
    ADD CONSTRAINT auth_group_name_key UNIQUE (name);


--
-- Name: auth_group_permissions auth_group_permissions_group_id_permission_id_0cd325b0_uniq; Type: CONSTRAINT; Schema: public; Owner: postgres
--

ALTER TABLE ONLY public.auth_group_permissions
    ADD CONSTRAINT auth_group_permissions_group_id_permission_id_0cd325b0_uniq UNIQUE (group_id, permission_id);


--
-- Name: auth_group_permissions auth_group_permissions_pkey; Type: CONSTRAINT; Schema: public; Owner: postgres
--

ALTER TABLE ONLY public.auth_group_permissions
    ADD CONSTRAINT auth_group_permissions_pkey PRIMARY KEY (id);


--
-- Name: auth_group auth_group_pkey; Type: CONSTRAINT; Schema: public; Owner: postgres
--

ALTER TABLE ONLY public.auth_group
    ADD CONSTRAINT auth_group_pkey PRIMARY KEY (id);


--
-- Name: auth_permission auth_permission_content_type_id_codename_01ab375a_uniq; Type: CONSTRAINT; Schema: public; Owner: postgres
--

ALTER TABLE ONLY public.auth_permission
    ADD CONSTRAINT auth_permission_content_type_id_codename_01ab375a_uniq UNIQUE (content_type_id, codename);


--
-- Name: auth_permission auth_permission_pkey; Type: CONSTRAINT; Schema: public; Owner: postgres
--

ALTER TABLE ONLY public.auth_permission
    ADD CONSTRAINT auth_permission_pkey PRIMARY KEY (id);


--
-- Name: authtoken_token authtoken_token_pkey; Type: CONSTRAINT; Schema: public; Owner: postgres
--

ALTER TABLE ONLY public.authtoken_token
    ADD CONSTRAINT authtoken_token_pkey PRIMARY KEY (key);


--
-- Name: authtoken_token authtoken_token_user_id_key; Type: CONSTRAINT; Schema: public; Owner: postgres
--

ALTER TABLE ONLY public.authtoken_token
    ADD CONSTRAINT authtoken_token_user_id_key UNIQUE (user_id);


--
-- Name: branches_branches branches_branches_pkey; Type: CONSTRAINT; Schema: public; Owner: postgres
--

ALTER TABLE ONLY public.branches_branches
    ADD CONSTRAINT branches_branches_pkey PRIMARY KEY (id);


--
-- Name: business_business business_business_pkey; Type: CONSTRAINT; Schema: public; Owner: postgres
--

ALTER TABLE ONLY public.business_business
    ADD CONSTRAINT business_business_pkey PRIMARY KEY (id);


--
-- Name: business_business business_business_registration_number_key; Type: CONSTRAINT; Schema: public; Owner: postgres
--

ALTER TABLE ONLY public.business_business
    ADD CONSTRAINT business_business_registration_number_key UNIQUE (registration_number);


--
-- Name: categories_categories categories_categories_pkey; Type: CONSTRAINT; Schema: public; Owner: postgres
--

ALTER TABLE ONLY public.categories_categories
    ADD CONSTRAINT categories_categories_pkey PRIMARY KEY (id);


--
-- Name: django_admin_log django_admin_log_pkey; Type: CONSTRAINT; Schema: public; Owner: postgres
--

ALTER TABLE ONLY public.django_admin_log
    ADD CONSTRAINT django_admin_log_pkey PRIMARY KEY (id);


--
-- Name: django_content_type django_content_type_app_label_model_76bd3d3b_uniq; Type: CONSTRAINT; Schema: public; Owner: postgres
--

ALTER TABLE ONLY public.django_content_type
    ADD CONSTRAINT django_content_type_app_label_model_76bd3d3b_uniq UNIQUE (app_label, model);


--
-- Name: django_content_type django_content_type_pkey; Type: CONSTRAINT; Schema: public; Owner: postgres
--

ALTER TABLE ONLY public.django_content_type
    ADD CONSTRAINT django_content_type_pkey PRIMARY KEY (id);


--
-- Name: django_migrations django_migrations_pkey; Type: CONSTRAINT; Schema: public; Owner: postgres
--

ALTER TABLE ONLY public.django_migrations
    ADD CONSTRAINT django_migrations_pkey PRIMARY KEY (id);


--
-- Name: django_session django_session_pkey; Type: CONSTRAINT; Schema: public; Owner: postgres
--

ALTER TABLE ONLY public.django_session
    ADD CONSTRAINT django_session_pkey PRIMARY KEY (session_key);


--
-- Name: django_site django_site_domain_a2e37b91_uniq; Type: CONSTRAINT; Schema: public; Owner: postgres
--

ALTER TABLE ONLY public.django_site
    ADD CONSTRAINT django_site_domain_a2e37b91_uniq UNIQUE (domain);


--
-- Name: django_site django_site_pkey; Type: CONSTRAINT; Schema: public; Owner: postgres
--

ALTER TABLE ONLY public.django_site
    ADD CONSTRAINT django_site_pkey PRIMARY KEY (id);


--
-- Name: expenses_expenses expenses_expenses_pkey; Type: CONSTRAINT; Schema: public; Owner: postgres
--

ALTER TABLE ONLY public.expenses_expenses
    ADD CONSTRAINT expenses_expenses_pkey PRIMARY KEY (id);


--
-- Name: features_features features_features_pkey; Type: CONSTRAINT; Schema: public; Owner: postgres
--

ALTER TABLE ONLY public.features_features
    ADD CONSTRAINT features_features_pkey PRIMARY KEY (id);


--
-- Name: items_items items_items_pkey; Type: CONSTRAINT; Schema: public; Owner: postgres
--

ALTER TABLE ONLY public.items_items
    ADD CONSTRAINT items_items_pkey PRIMARY KEY (id);


--
-- Name: orders_order_items orders_order_items_pkey; Type: CONSTRAINT; Schema: public; Owner: postgres
--

ALTER TABLE ONLY public.orders_order_items
    ADD CONSTRAINT orders_order_items_pkey PRIMARY KEY (id);


--
-- Name: orders_orders orders_orders_order_number_key; Type: CONSTRAINT; Schema: public; Owner: postgres
--

ALTER TABLE ONLY public.orders_orders
    ADD CONSTRAINT orders_orders_order_number_key UNIQUE (order_number);


--
-- Name: orders_orders orders_orders_pkey; Type: CONSTRAINT; Schema: public; Owner: postgres
--

ALTER TABLE ONLY public.orders_orders
    ADD CONSTRAINT orders_orders_pkey PRIMARY KEY (id);


--
-- Name: plans_plans plans_plans_pkey; Type: CONSTRAINT; Schema: public; Owner: postgres
--

ALTER TABLE ONLY public.plans_plans
    ADD CONSTRAINT plans_plans_pkey PRIMARY KEY (id);


--
-- Name: socialaccount_socialaccount socialaccount_socialaccount_pkey; Type: CONSTRAINT; Schema: public; Owner: postgres
--

ALTER TABLE ONLY public.socialaccount_socialaccount
    ADD CONSTRAINT socialaccount_socialaccount_pkey PRIMARY KEY (id);


--
-- Name: socialaccount_socialaccount socialaccount_socialaccount_provider_uid_fc810c6e_uniq; Type: CONSTRAINT; Schema: public; Owner: postgres
--

ALTER TABLE ONLY public.socialaccount_socialaccount
    ADD CONSTRAINT socialaccount_socialaccount_provider_uid_fc810c6e_uniq UNIQUE (provider, uid);


--
-- Name: socialaccount_socialapp_sites socialaccount_socialapp__socialapp_id_site_id_71a9a768_uniq; Type: CONSTRAINT; Schema: public; Owner: postgres
--

ALTER TABLE ONLY public.socialaccount_socialapp_sites
    ADD CONSTRAINT socialaccount_socialapp__socialapp_id_site_id_71a9a768_uniq UNIQUE (socialapp_id, site_id);


--
-- Name: socialaccount_socialapp socialaccount_socialapp_pkey; Type: CONSTRAINT; Schema: public; Owner: postgres
--

ALTER TABLE ONLY public.socialaccount_socialapp
    ADD CONSTRAINT socialaccount_socialapp_pkey PRIMARY KEY (id);


--
-- Name: socialaccount_socialapp_sites socialaccount_socialapp_sites_pkey; Type: CONSTRAINT; Schema: public; Owner: postgres
--

ALTER TABLE ONLY public.socialaccount_socialapp_sites
    ADD CONSTRAINT socialaccount_socialapp_sites_pkey PRIMARY KEY (id);


--
-- Name: socialaccount_socialtoken socialaccount_socialtoken_app_id_account_id_fca4e0ac_uniq; Type: CONSTRAINT; Schema: public; Owner: postgres
--

ALTER TABLE ONLY public.socialaccount_socialtoken
    ADD CONSTRAINT socialaccount_socialtoken_app_id_account_id_fca4e0ac_uniq UNIQUE (app_id, account_id);


--
-- Name: socialaccount_socialtoken socialaccount_socialtoken_pkey; Type: CONSTRAINT; Schema: public; Owner: postgres
--

ALTER TABLE ONLY public.socialaccount_socialtoken
    ADD CONSTRAINT socialaccount_socialtoken_pkey PRIMARY KEY (id);


--
-- Name: subscriptions_subscriptions subscriptions_subscriptions_pkey; Type: CONSTRAINT; Schema: public; Owner: postgres
--

ALTER TABLE ONLY public.subscriptions_subscriptions
    ADD CONSTRAINT subscriptions_subscriptions_pkey PRIMARY KEY (id);


--
-- Name: account_emailaddress_email_03be32b2; Type: INDEX; Schema: public; Owner: postgres
--

CREATE INDEX account_emailaddress_email_03be32b2 ON public.account_emailaddress USING btree (email);


--
-- Name: account_emailaddress_email_03be32b2_like; Type: INDEX; Schema: public; Owner: postgres
--

CREATE INDEX account_emailaddress_email_03be32b2_like ON public.account_emailaddress USING btree (email varchar_pattern_ops);


--
-- Name: account_emailaddress_user_id_2c513194; Type: INDEX; Schema: public; Owner: postgres
--

CREATE INDEX account_emailaddress_user_id_2c513194 ON public.account_emailaddress USING btree (user_id);


--
-- Name: account_emailconfirmation_email_address_id_5b7f8c58; Type: INDEX; Schema: public; Owner: postgres
--

CREATE INDEX account_emailconfirmation_email_address_id_5b7f8c58 ON public.account_emailconfirmation USING btree (email_address_id);


--
-- Name: account_emailconfirmation_key_f43612bd_like; Type: INDEX; Schema: public; Owner: postgres
--

CREATE INDEX account_emailconfirmation_key_f43612bd_like ON public.account_emailconfirmation USING btree (key varchar_pattern_ops);


--
-- Name: accounts_customuser_business_branch_id_05fc7313; Type: INDEX; Schema: public; Owner: postgres
--

CREATE INDEX accounts_customuser_business_branch_id_05fc7313 ON public.accounts_customuser USING btree (business_branch_id);


--
-- Name: accounts_customuser_business_id_4424c5d7; Type: INDEX; Schema: public; Owner: postgres
--

CREATE INDEX accounts_customuser_business_id_4424c5d7 ON public.accounts_customuser USING btree (business_id);


--
-- Name: accounts_customuser_email_4fd8e7ce_like; Type: INDEX; Schema: public; Owner: postgres
--

CREATE INDEX accounts_customuser_email_4fd8e7ce_like ON public.accounts_customuser USING btree (email varchar_pattern_ops);


--
-- Name: accounts_customuser_groups_customuser_id_bc55088e; Type: INDEX; Schema: public; Owner: postgres
--

CREATE INDEX accounts_customuser_groups_customuser_id_bc55088e ON public.accounts_customuser_groups USING btree (customuser_id);


--
-- Name: accounts_customuser_groups_group_id_86ba5f9e; Type: INDEX; Schema: public; Owner: postgres
--

CREATE INDEX accounts_customuser_groups_group_id_86ba5f9e ON public.accounts_customuser_groups USING btree (group_id);


--
-- Name: accounts_customuser_user_permissions_customuser_id_0deaefae; Type: INDEX; Schema: public; Owner: postgres
--

CREATE INDEX accounts_customuser_user_permissions_customuser_id_0deaefae ON public.accounts_customuser_user_permissions USING btree (customuser_id);


--
-- Name: accounts_customuser_user_permissions_permission_id_aea3d0e5; Type: INDEX; Schema: public; Owner: postgres
--

CREATE INDEX accounts_customuser_user_permissions_permission_id_aea3d0e5 ON public.accounts_customuser_user_permissions USING btree (permission_id);


--
-- Name: accounts_customuser_username_722f3555_like; Type: INDEX; Schema: public; Owner: postgres
--

CREATE INDEX accounts_customuser_username_722f3555_like ON public.accounts_customuser USING btree (username varchar_pattern_ops);


--
-- Name: auth_group_name_a6ea08ec_like; Type: INDEX; Schema: public; Owner: postgres
--

CREATE INDEX auth_group_name_a6ea08ec_like ON public.auth_group USING btree (name varchar_pattern_ops);


--
-- Name: auth_group_permissions_group_id_b120cbf9; Type: INDEX; Schema: public; Owner: postgres
--

CREATE INDEX auth_group_permissions_group_id_b120cbf9 ON public.auth_group_permissions USING btree (group_id);


--
-- Name: auth_group_permissions_permission_id_84c5c92e; Type: INDEX; Schema: public; Owner: postgres
--

CREATE INDEX auth_group_permissions_permission_id_84c5c92e ON public.auth_group_permissions USING btree (permission_id);


--
-- Name: auth_permission_content_type_id_2f476e4b; Type: INDEX; Schema: public; Owner: postgres
--

CREATE INDEX auth_permission_content_type_id_2f476e4b ON public.auth_permission USING btree (content_type_id);


--
-- Name: authtoken_token_key_10f0b77e_like; Type: INDEX; Schema: public; Owner: postgres
--

CREATE INDEX authtoken_token_key_10f0b77e_like ON public.authtoken_token USING btree (key varchar_pattern_ops);


--
-- Name: branches_branches_business_id_0f989e3e; Type: INDEX; Schema: public; Owner: postgres
--

CREATE INDEX branches_branches_business_id_0f989e3e ON public.branches_branches USING btree (business_id);


--
-- Name: business_business_admin_id_556c7786; Type: INDEX; Schema: public; Owner: postgres
--

CREATE INDEX business_business_admin_id_556c7786 ON public.business_business USING btree (admin_id);


--
-- Name: business_business_owner_id_3d0f9cd5; Type: INDEX; Schema: public; Owner: postgres
--

CREATE INDEX business_business_owner_id_3d0f9cd5 ON public.business_business USING btree (owner_id);


--
-- Name: business_business_registration_number_7cb9457d_like; Type: INDEX; Schema: public; Owner: postgres
--

CREATE INDEX business_business_registration_number_7cb9457d_like ON public.business_business USING btree (registration_number varchar_pattern_ops);


--
-- Name: categories_categories_business_id_a803f0d1; Type: INDEX; Schema: public; Owner: postgres
--

CREATE INDEX categories_categories_business_id_a803f0d1 ON public.categories_categories USING btree (business_id);


--
-- Name: django_admin_log_content_type_id_c4bce8eb; Type: INDEX; Schema: public; Owner: postgres
--

CREATE INDEX django_admin_log_content_type_id_c4bce8eb ON public.django_admin_log USING btree (content_type_id);


--
-- Name: django_admin_log_user_id_c564eba6; Type: INDEX; Schema: public; Owner: postgres
--

CREATE INDEX django_admin_log_user_id_c564eba6 ON public.django_admin_log USING btree (user_id);


--
-- Name: django_session_expire_date_a5c62663; Type: INDEX; Schema: public; Owner: postgres
--

CREATE INDEX django_session_expire_date_a5c62663 ON public.django_session USING btree (expire_date);


--
-- Name: django_session_session_key_c0390e0f_like; Type: INDEX; Schema: public; Owner: postgres
--

CREATE INDEX django_session_session_key_c0390e0f_like ON public.django_session USING btree (session_key varchar_pattern_ops);


--
-- Name: django_site_domain_a2e37b91_like; Type: INDEX; Schema: public; Owner: postgres
--

CREATE INDEX django_site_domain_a2e37b91_like ON public.django_site USING btree (domain varchar_pattern_ops);


--
-- Name: expenses_expenses_business_branch_id_c3226da9; Type: INDEX; Schema: public; Owner: postgres
--

CREATE INDEX expenses_expenses_business_branch_id_c3226da9 ON public.expenses_expenses USING btree (business_branch_id);


--
-- Name: expenses_expenses_business_id_304e41c1; Type: INDEX; Schema: public; Owner: postgres
--

CREATE INDEX expenses_expenses_business_id_304e41c1 ON public.expenses_expenses USING btree (business_id);


--
-- Name: expenses_expenses_created_by_id_ed9ec84c; Type: INDEX; Schema: public; Owner: postgres
--

CREATE INDEX expenses_expenses_created_by_id_ed9ec84c ON public.expenses_expenses USING btree (created_by_id);


--
-- Name: features_features_plan_id_id_f2916470; Type: INDEX; Schema: public; Owner: postgres
--

CREATE INDEX features_features_plan_id_id_f2916470 ON public.features_features USING btree (plan_id_id);


--
-- Name: idx_branch_business; Type: INDEX; Schema: public; Owner: postgres
--

CREATE INDEX idx_branch_business ON public.branches_branches USING btree (business_id, is_active);


--
-- Name: idx_branch_status; Type: INDEX; Schema: public; Owner: postgres
--

CREATE INDEX idx_branch_status ON public.branches_branches USING btree (is_active, business_id);


--
-- Name: idx_business_admin; Type: INDEX; Schema: public; Owner: postgres
--

CREATE INDEX idx_business_admin ON public.business_business USING btree (admin_id, is_active);


--
-- Name: idx_business_owner; Type: INDEX; Schema: public; Owner: postgres
--

CREATE INDEX idx_business_owner ON public.business_business USING btree (owner_id, is_active);


--
-- Name: idx_category; Type: INDEX; Schema: public; Owner: postgres
--

CREATE INDEX idx_category ON public.categories_categories USING btree (is_active);


--
-- Name: idx_category_business; Type: INDEX; Schema: public; Owner: postgres
--

CREATE INDEX idx_category_business ON public.categories_categories USING btree (business_id, is_active);


--
-- Name: idx_employee_contact; Type: INDEX; Schema: public; Owner: postgres
--

CREATE INDEX idx_employee_contact ON public.accounts_customuser USING btree (phone, email);


--
-- Name: idx_employee_lookup; Type: INDEX; Schema: public; Owner: postgres
--

CREATE INDEX idx_employee_lookup ON public.accounts_customuser USING btree (business_id, business_branch_id, is_active);


--
-- Name: idx_expense_date_amount; Type: INDEX; Schema: public; Owner: postgres
--

CREATE INDEX idx_expense_date_amount ON public.expenses_expenses USING btree (expense_date, amount);


--
-- Name: idx_expense_lookup; Type: INDEX; Schema: public; Owner: postgres
--

CREATE INDEX idx_expense_lookup ON public.expenses_expenses USING btree (business_id, business_branch_id, expense_date);


--
-- Name: idx_item_inventory; Type: INDEX; Schema: public; Owner: postgres
--

CREATE INDEX idx_item_inventory ON public.items_items USING btree (category_id, quantity);


--
-- Name: idx_order_customer; Type: INDEX; Schema: public; Owner: postgres
--

CREATE INDEX idx_order_customer ON public.orders_orders USING btree (customer_phone, customer_email);


--
-- Name: idx_order_lookup; Type: INDEX; Schema: public; Owner: postgres
--

CREATE INDEX idx_order_lookup ON public.orders_orders USING btree (business_id, business_branch_id, status, order_date);


--
-- Name: idx_order_number_search; Type: INDEX; Schema: public; Owner: postgres
--

CREATE INDEX idx_order_number_search ON public.orders_orders USING btree (order_number, status, payment_status);


--
-- Name: idx_order_payment; Type: INDEX; Schema: public; Owner: postgres
--

CREATE INDEX idx_order_payment ON public.orders_orders USING btree (payment_status, payment_method, total_amount);


--
-- Name: idx_plan_id; Type: INDEX; Schema: public; Owner: postgres
--

CREATE INDEX idx_plan_id ON public.features_features USING btree (plan_id_id);


--
-- Name: idx_recurring_frequency; Type: INDEX; Schema: public; Owner: postgres
--

CREATE INDEX idx_recurring_frequency ON public.expenses_expenses USING btree (recurring_frequency);


--
-- Name: idx_subscription_status; Type: INDEX; Schema: public; Owner: postgres
--

CREATE INDEX idx_subscription_status ON public.subscriptions_subscriptions USING btree (subscription_status, end_date);


--
-- Name: idx_subscription_tracking; Type: INDEX; Schema: public; Owner: postgres
--

CREATE INDEX idx_subscription_tracking ON public.subscriptions_subscriptions USING btree (business_id, payment_status, end_date);


--
-- Name: idx_user_auth; Type: INDEX; Schema: public; Owner: postgres
--

CREATE INDEX idx_user_auth ON public.accounts_customuser USING btree (phone, username);


--
-- Name: idx_user_business_branch_role; Type: INDEX; Schema: public; Owner: postgres
--

CREATE INDEX idx_user_business_branch_role ON public.accounts_customuser USING btree (business_branch_id, role);


--
-- Name: idx_user_business_status; Type: INDEX; Schema: public; Owner: postgres
--

CREATE INDEX idx_user_business_status ON public.accounts_customuser USING btree (business_id, is_active);


--
-- Name: items_items_business_branch_id_ace4c8f3; Type: INDEX; Schema: public; Owner: postgres
--

CREATE INDEX items_items_business_branch_id_ace4c8f3 ON public.items_items USING btree (business_branch_id);


--
-- Name: items_items_business_id_6b19b2c5; Type: INDEX; Schema: public; Owner: postgres
--

CREATE INDEX items_items_business_id_6b19b2c5 ON public.items_items USING btree (business_id);


--
-- Name: items_items_category_id_d446b960; Type: INDEX; Schema: public; Owner: postgres
--

CREATE INDEX items_items_category_id_d446b960 ON public.items_items USING btree (category_id);


--
-- Name: orders_order_items_category_id_408807fa; Type: INDEX; Schema: public; Owner: postgres
--

CREATE INDEX orders_order_items_category_id_408807fa ON public.orders_order_items USING btree (category_id);


--
-- Name: orders_order_items_item_id_93a63640; Type: INDEX; Schema: public; Owner: postgres
--

CREATE INDEX orders_order_items_item_id_93a63640 ON public.orders_order_items USING btree (item_id);


--
-- Name: orders_order_items_order_id_id_609b5fc1; Type: INDEX; Schema: public; Owner: postgres
--

CREATE INDEX orders_order_items_order_id_id_609b5fc1 ON public.orders_order_items USING btree (order_id_id);


--
-- Name: orders_orders_business_branch_id_e401adc3; Type: INDEX; Schema: public; Owner: postgres
--

CREATE INDEX orders_orders_business_branch_id_e401adc3 ON public.orders_orders USING btree (business_branch_id);


--
-- Name: orders_orders_business_id_ae139111; Type: INDEX; Schema: public; Owner: postgres
--

CREATE INDEX orders_orders_business_id_ae139111 ON public.orders_orders USING btree (business_id);


--
-- Name: orders_orders_order_number_dbce7472_like; Type: INDEX; Schema: public; Owner: postgres
--

CREATE INDEX orders_orders_order_number_dbce7472_like ON public.orders_orders USING btree (order_number varchar_pattern_ops);


--
-- Name: orders_orders_user_id_55d2442b; Type: INDEX; Schema: public; Owner: postgres
--

CREATE INDEX orders_orders_user_id_55d2442b ON public.orders_orders USING btree (user_id);


--
-- Name: socialaccount_socialaccount_user_id_8146e70c; Type: INDEX; Schema: public; Owner: postgres
--

CREATE INDEX socialaccount_socialaccount_user_id_8146e70c ON public.socialaccount_socialaccount USING btree (user_id);


--
-- Name: socialaccount_socialapp_sites_site_id_2579dee5; Type: INDEX; Schema: public; Owner: postgres
--

CREATE INDEX socialaccount_socialapp_sites_site_id_2579dee5 ON public.socialaccount_socialapp_sites USING btree (site_id);


--
-- Name: socialaccount_socialapp_sites_socialapp_id_97fb6e7d; Type: INDEX; Schema: public; Owner: postgres
--

CREATE INDEX socialaccount_socialapp_sites_socialapp_id_97fb6e7d ON public.socialaccount_socialapp_sites USING btree (socialapp_id);


--
-- Name: socialaccount_socialtoken_account_id_951f210e; Type: INDEX; Schema: public; Owner: postgres
--

CREATE INDEX socialaccount_socialtoken_account_id_951f210e ON public.socialaccount_socialtoken USING btree (account_id);


--
-- Name: socialaccount_socialtoken_app_id_636a42d7; Type: INDEX; Schema: public; Owner: postgres
--

CREATE INDEX socialaccount_socialtoken_app_id_636a42d7 ON public.socialaccount_socialtoken USING btree (app_id);


--
-- Name: subscriptions_subscriptions_business_id_ead1ab9d; Type: INDEX; Schema: public; Owner: postgres
--

CREATE INDEX subscriptions_subscriptions_business_id_ead1ab9d ON public.subscriptions_subscriptions USING btree (business_id);


--
-- Name: subscriptions_subscriptions_plan_id_9f0b8ac6; Type: INDEX; Schema: public; Owner: postgres
--

CREATE INDEX subscriptions_subscriptions_plan_id_9f0b8ac6 ON public.subscriptions_subscriptions USING btree (plan_id);


--
-- Name: unique_primary_email; Type: INDEX; Schema: public; Owner: postgres
--

CREATE UNIQUE INDEX unique_primary_email ON public.account_emailaddress USING btree (user_id, "primary") WHERE "primary";


--
-- Name: unique_verified_email; Type: INDEX; Schema: public; Owner: postgres
--

CREATE UNIQUE INDEX unique_verified_email ON public.account_emailaddress USING btree (email) WHERE verified;


--
-- Name: account_emailaddress account_emailaddress_user_id_2c513194_fk_accounts_customuser_id; Type: FK CONSTRAINT; Schema: public; Owner: postgres
--

ALTER TABLE ONLY public.account_emailaddress
    ADD CONSTRAINT account_emailaddress_user_id_2c513194_fk_accounts_customuser_id FOREIGN KEY (user_id) REFERENCES public.accounts_customuser(id) DEFERRABLE INITIALLY DEFERRED;


--
-- Name: account_emailconfirmation account_emailconfirm_email_address_id_5b7f8c58_fk_account_e; Type: FK CONSTRAINT; Schema: public; Owner: postgres
--

ALTER TABLE ONLY public.account_emailconfirmation
    ADD CONSTRAINT account_emailconfirm_email_address_id_5b7f8c58_fk_account_e FOREIGN KEY (email_address_id) REFERENCES public.account_emailaddress(id) DEFERRABLE INITIALLY DEFERRED;


--
-- Name: accounts_customuser_user_permissions accounts_customuser__customuser_id_0deaefae_fk_accounts_; Type: FK CONSTRAINT; Schema: public; Owner: postgres
--

ALTER TABLE ONLY public.accounts_customuser_user_permissions
    ADD CONSTRAINT accounts_customuser__customuser_id_0deaefae_fk_accounts_ FOREIGN KEY (customuser_id) REFERENCES public.accounts_customuser(id) DEFERRABLE INITIALLY DEFERRED;


--
-- Name: accounts_customuser_groups accounts_customuser__customuser_id_bc55088e_fk_accounts_; Type: FK CONSTRAINT; Schema: public; Owner: postgres
--

ALTER TABLE ONLY public.accounts_customuser_groups
    ADD CONSTRAINT accounts_customuser__customuser_id_bc55088e_fk_accounts_ FOREIGN KEY (customuser_id) REFERENCES public.accounts_customuser(id) DEFERRABLE INITIALLY DEFERRED;


--
-- Name: accounts_customuser_user_permissions accounts_customuser__permission_id_aea3d0e5_fk_auth_perm; Type: FK CONSTRAINT; Schema: public; Owner: postgres
--

ALTER TABLE ONLY public.accounts_customuser_user_permissions
    ADD CONSTRAINT accounts_customuser__permission_id_aea3d0e5_fk_auth_perm FOREIGN KEY (permission_id) REFERENCES public.auth_permission(id) DEFERRABLE INITIALLY DEFERRED;


--
-- Name: accounts_customuser accounts_customuser_business_branch_id_05fc7313_fk_branches_; Type: FK CONSTRAINT; Schema: public; Owner: postgres
--

ALTER TABLE ONLY public.accounts_customuser
    ADD CONSTRAINT accounts_customuser_business_branch_id_05fc7313_fk_branches_ FOREIGN KEY (business_branch_id) REFERENCES public.branches_branches(id) DEFERRABLE INITIALLY DEFERRED;


--
-- Name: accounts_customuser accounts_customuser_business_id_4424c5d7_fk_business_; Type: FK CONSTRAINT; Schema: public; Owner: postgres
--

ALTER TABLE ONLY public.accounts_customuser
    ADD CONSTRAINT accounts_customuser_business_id_4424c5d7_fk_business_ FOREIGN KEY (business_id) REFERENCES public.business_business(id) DEFERRABLE INITIALLY DEFERRED;


--
-- Name: accounts_customuser_groups accounts_customuser_groups_group_id_86ba5f9e_fk_auth_group_id; Type: FK CONSTRAINT; Schema: public; Owner: postgres
--

ALTER TABLE ONLY public.accounts_customuser_groups
    ADD CONSTRAINT accounts_customuser_groups_group_id_86ba5f9e_fk_auth_group_id FOREIGN KEY (group_id) REFERENCES public.auth_group(id) DEFERRABLE INITIALLY DEFERRED;


--
-- Name: auth_group_permissions auth_group_permissio_permission_id_84c5c92e_fk_auth_perm; Type: FK CONSTRAINT; Schema: public; Owner: postgres
--

ALTER TABLE ONLY public.auth_group_permissions
    ADD CONSTRAINT auth_group_permissio_permission_id_84c5c92e_fk_auth_perm FOREIGN KEY (permission_id) REFERENCES public.auth_permission(id) DEFERRABLE INITIALLY DEFERRED;


--
-- Name: auth_group_permissions auth_group_permissions_group_id_b120cbf9_fk_auth_group_id; Type: FK CONSTRAINT; Schema: public; Owner: postgres
--

ALTER TABLE ONLY public.auth_group_permissions
    ADD CONSTRAINT auth_group_permissions_group_id_b120cbf9_fk_auth_group_id FOREIGN KEY (group_id) REFERENCES public.auth_group(id) DEFERRABLE INITIALLY DEFERRED;


--
-- Name: auth_permission auth_permission_content_type_id_2f476e4b_fk_django_co; Type: FK CONSTRAINT; Schema: public; Owner: postgres
--

ALTER TABLE ONLY public.auth_permission
    ADD CONSTRAINT auth_permission_content_type_id_2f476e4b_fk_django_co FOREIGN KEY (content_type_id) REFERENCES public.django_content_type(id) DEFERRABLE INITIALLY DEFERRED;


--
-- Name: authtoken_token authtoken_token_user_id_35299eff_fk_accounts_customuser_id; Type: FK CONSTRAINT; Schema: public; Owner: postgres
--

ALTER TABLE ONLY public.authtoken_token
    ADD CONSTRAINT authtoken_token_user_id_35299eff_fk_accounts_customuser_id FOREIGN KEY (user_id) REFERENCES public.accounts_customuser(id) DEFERRABLE INITIALLY DEFERRED;


--
-- Name: branches_branches branches_branches_business_id_0f989e3e_fk_business_business_id; Type: FK CONSTRAINT; Schema: public; Owner: postgres
--

ALTER TABLE ONLY public.branches_branches
    ADD CONSTRAINT branches_branches_business_id_0f989e3e_fk_business_business_id FOREIGN KEY (business_id) REFERENCES public.business_business(id) DEFERRABLE INITIALLY DEFERRED;


--
-- Name: business_business business_business_admin_id_556c7786_fk_accounts_customuser_id; Type: FK CONSTRAINT; Schema: public; Owner: postgres
--

ALTER TABLE ONLY public.business_business
    ADD CONSTRAINT business_business_admin_id_556c7786_fk_accounts_customuser_id FOREIGN KEY (admin_id) REFERENCES public.accounts_customuser(id) DEFERRABLE INITIALLY DEFERRED;


--
-- Name: business_business business_business_owner_id_3d0f9cd5_fk_accounts_customuser_id; Type: FK CONSTRAINT; Schema: public; Owner: postgres
--

ALTER TABLE ONLY public.business_business
    ADD CONSTRAINT business_business_owner_id_3d0f9cd5_fk_accounts_customuser_id FOREIGN KEY (owner_id) REFERENCES public.accounts_customuser(id) DEFERRABLE INITIALLY DEFERRED;


--
-- Name: categories_categories categories_categorie_business_id_a803f0d1_fk_business_; Type: FK CONSTRAINT; Schema: public; Owner: postgres
--

ALTER TABLE ONLY public.categories_categories
    ADD CONSTRAINT categories_categorie_business_id_a803f0d1_fk_business_ FOREIGN KEY (business_id) REFERENCES public.business_business(id) DEFERRABLE INITIALLY DEFERRED;


--
-- Name: django_admin_log django_admin_log_content_type_id_c4bce8eb_fk_django_co; Type: FK CONSTRAINT; Schema: public; Owner: postgres
--

ALTER TABLE ONLY public.django_admin_log
    ADD CONSTRAINT django_admin_log_content_type_id_c4bce8eb_fk_django_co FOREIGN KEY (content_type_id) REFERENCES public.django_content_type(id) DEFERRABLE INITIALLY DEFERRED;


--
-- Name: django_admin_log django_admin_log_user_id_c564eba6_fk_accounts_customuser_id; Type: FK CONSTRAINT; Schema: public; Owner: postgres
--

ALTER TABLE ONLY public.django_admin_log
    ADD CONSTRAINT django_admin_log_user_id_c564eba6_fk_accounts_customuser_id FOREIGN KEY (user_id) REFERENCES public.accounts_customuser(id) DEFERRABLE INITIALLY DEFERRED;


--
-- Name: expenses_expenses expenses_expenses_business_branch_id_c3226da9_fk_branches_; Type: FK CONSTRAINT; Schema: public; Owner: postgres
--

ALTER TABLE ONLY public.expenses_expenses
    ADD CONSTRAINT expenses_expenses_business_branch_id_c3226da9_fk_branches_ FOREIGN KEY (business_branch_id) REFERENCES public.branches_branches(id) DEFERRABLE INITIALLY DEFERRED;


--
-- Name: expenses_expenses expenses_expenses_business_id_304e41c1_fk_business_business_id; Type: FK CONSTRAINT; Schema: public; Owner: postgres
--

ALTER TABLE ONLY public.expenses_expenses
    ADD CONSTRAINT expenses_expenses_business_id_304e41c1_fk_business_business_id FOREIGN KEY (business_id) REFERENCES public.business_business(id) DEFERRABLE INITIALLY DEFERRED;


--
-- Name: expenses_expenses expenses_expenses_created_by_id_ed9ec84c_fk_accounts_; Type: FK CONSTRAINT; Schema: public; Owner: postgres
--

ALTER TABLE ONLY public.expenses_expenses
    ADD CONSTRAINT expenses_expenses_created_by_id_ed9ec84c_fk_accounts_ FOREIGN KEY (created_by_id) REFERENCES public.accounts_customuser(id) DEFERRABLE INITIALLY DEFERRED;


--
-- Name: features_features features_features_plan_id_id_f2916470_fk_plans_plans_id; Type: FK CONSTRAINT; Schema: public; Owner: postgres
--

ALTER TABLE ONLY public.features_features
    ADD CONSTRAINT features_features_plan_id_id_f2916470_fk_plans_plans_id FOREIGN KEY (plan_id_id) REFERENCES public.plans_plans(id) DEFERRABLE INITIALLY DEFERRED;


--
-- Name: items_items items_items_business_branch_id_ace4c8f3_fk_branches_branches_id; Type: FK CONSTRAINT; Schema: public; Owner: postgres
--

ALTER TABLE ONLY public.items_items
    ADD CONSTRAINT items_items_business_branch_id_ace4c8f3_fk_branches_branches_id FOREIGN KEY (business_branch_id) REFERENCES public.branches_branches(id) DEFERRABLE INITIALLY DEFERRED;


--
-- Name: items_items items_items_business_id_6b19b2c5_fk_business_business_id; Type: FK CONSTRAINT; Schema: public; Owner: postgres
--

ALTER TABLE ONLY public.items_items
    ADD CONSTRAINT items_items_business_id_6b19b2c5_fk_business_business_id FOREIGN KEY (business_id) REFERENCES public.business_business(id) DEFERRABLE INITIALLY DEFERRED;


--
-- Name: items_items items_items_category_id_d446b960_fk_categories_categories_id; Type: FK CONSTRAINT; Schema: public; Owner: postgres
--

ALTER TABLE ONLY public.items_items
    ADD CONSTRAINT items_items_category_id_d446b960_fk_categories_categories_id FOREIGN KEY (category_id) REFERENCES public.categories_categories(id) DEFERRABLE INITIALLY DEFERRED;


--
-- Name: orders_order_items orders_order_items_category_id_408807fa_fk_categorie; Type: FK CONSTRAINT; Schema: public; Owner: postgres
--

ALTER TABLE ONLY public.orders_order_items
    ADD CONSTRAINT orders_order_items_category_id_408807fa_fk_categorie FOREIGN KEY (category_id) REFERENCES public.categories_categories(id) DEFERRABLE INITIALLY DEFERRED;


--
-- Name: orders_order_items orders_order_items_item_id_93a63640_fk_items_items_id; Type: FK CONSTRAINT; Schema: public; Owner: postgres
--

ALTER TABLE ONLY public.orders_order_items
    ADD CONSTRAINT orders_order_items_item_id_93a63640_fk_items_items_id FOREIGN KEY (item_id) REFERENCES public.items_items(id) DEFERRABLE INITIALLY DEFERRED;


--
-- Name: orders_order_items orders_order_items_order_id_id_609b5fc1_fk_orders_orders_id; Type: FK CONSTRAINT; Schema: public; Owner: postgres
--

ALTER TABLE ONLY public.orders_order_items
    ADD CONSTRAINT orders_order_items_order_id_id_609b5fc1_fk_orders_orders_id FOREIGN KEY (order_id_id) REFERENCES public.orders_orders(id) DEFERRABLE INITIALLY DEFERRED;


--
-- Name: orders_orders orders_orders_business_branch_id_e401adc3_fk_branches_; Type: FK CONSTRAINT; Schema: public; Owner: postgres
--

ALTER TABLE ONLY public.orders_orders
    ADD CONSTRAINT orders_orders_business_branch_id_e401adc3_fk_branches_ FOREIGN KEY (business_branch_id) REFERENCES public.branches_branches(id) DEFERRABLE INITIALLY DEFERRED;


--
-- Name: orders_orders orders_orders_business_id_ae139111_fk_business_business_id; Type: FK CONSTRAINT; Schema: public; Owner: postgres
--

ALTER TABLE ONLY public.orders_orders
    ADD CONSTRAINT orders_orders_business_id_ae139111_fk_business_business_id FOREIGN KEY (business_id) REFERENCES public.business_business(id) DEFERRABLE INITIALLY DEFERRED;


--
-- Name: orders_orders orders_orders_user_id_55d2442b_fk_accounts_customuser_id; Type: FK CONSTRAINT; Schema: public; Owner: postgres
--

ALTER TABLE ONLY public.orders_orders
    ADD CONSTRAINT orders_orders_user_id_55d2442b_fk_accounts_customuser_id FOREIGN KEY (user_id) REFERENCES public.accounts_customuser(id) DEFERRABLE INITIALLY DEFERRED;


--
-- Name: socialaccount_socialtoken socialaccount_social_account_id_951f210e_fk_socialacc; Type: FK CONSTRAINT; Schema: public; Owner: postgres
--

ALTER TABLE ONLY public.socialaccount_socialtoken
    ADD CONSTRAINT socialaccount_social_account_id_951f210e_fk_socialacc FOREIGN KEY (account_id) REFERENCES public.socialaccount_socialaccount(id) DEFERRABLE INITIALLY DEFERRED;


--
-- Name: socialaccount_socialtoken socialaccount_social_app_id_636a42d7_fk_socialacc; Type: FK CONSTRAINT; Schema: public; Owner: postgres
--

ALTER TABLE ONLY public.socialaccount_socialtoken
    ADD CONSTRAINT socialaccount_social_app_id_636a42d7_fk_socialacc FOREIGN KEY (app_id) REFERENCES public.socialaccount_socialapp(id) DEFERRABLE INITIALLY DEFERRED;


--
-- Name: socialaccount_socialapp_sites socialaccount_social_site_id_2579dee5_fk_django_si; Type: FK CONSTRAINT; Schema: public; Owner: postgres
--

ALTER TABLE ONLY public.socialaccount_socialapp_sites
    ADD CONSTRAINT socialaccount_social_site_id_2579dee5_fk_django_si FOREIGN KEY (site_id) REFERENCES public.django_site(id) DEFERRABLE INITIALLY DEFERRED;


--
-- Name: socialaccount_socialapp_sites socialaccount_social_socialapp_id_97fb6e7d_fk_socialacc; Type: FK CONSTRAINT; Schema: public; Owner: postgres
--

ALTER TABLE ONLY public.socialaccount_socialapp_sites
    ADD CONSTRAINT socialaccount_social_socialapp_id_97fb6e7d_fk_socialacc FOREIGN KEY (socialapp_id) REFERENCES public.socialaccount_socialapp(id) DEFERRABLE INITIALLY DEFERRED;


--
-- Name: socialaccount_socialaccount socialaccount_social_user_id_8146e70c_fk_accounts_; Type: FK CONSTRAINT; Schema: public; Owner: postgres
--

ALTER TABLE ONLY public.socialaccount_socialaccount
    ADD CONSTRAINT socialaccount_social_user_id_8146e70c_fk_accounts_ FOREIGN KEY (user_id) REFERENCES public.accounts_customuser(id) DEFERRABLE INITIALLY DEFERRED;


--
-- Name: subscriptions_subscriptions subscriptions_subscr_business_id_ead1ab9d_fk_business_; Type: FK CONSTRAINT; Schema: public; Owner: postgres
--

ALTER TABLE ONLY public.subscriptions_subscriptions
    ADD CONSTRAINT subscriptions_subscr_business_id_ead1ab9d_fk_business_ FOREIGN KEY (business_id) REFERENCES public.business_business(id) DEFERRABLE INITIALLY DEFERRED;


--
-- Name: subscriptions_subscriptions subscriptions_subscriptions_plan_id_9f0b8ac6_fk_plans_plans_id; Type: FK CONSTRAINT; Schema: public; Owner: postgres
--

ALTER TABLE ONLY public.subscriptions_subscriptions
    ADD CONSTRAINT subscriptions_subscriptions_plan_id_9f0b8ac6_fk_plans_plans_id FOREIGN KEY (plan_id) REFERENCES public.plans_plans(id) DEFERRABLE INITIALLY DEFERRED;


--
-- PostgreSQL database dump complete
--

